Workbook

Sheet 排产明细
A1: 产线 | B1: 订单号 | C1: 产品ID | D1: 产品名称 | E1: 数量 | F1: 交期 | G1: 开始 | H1: 结束 | I1: 生产日期 | J1: 延期(分) | K1: 准时(1/0) | L1: 负荷(小时) | M1: 延期(天)
A2: L1 | B2: O-001 | C2: toast_plain | D2: 原味吐司 | E2: 10000 | F2: 46258.75 | G2: 46258.333 | H2: 46258.533 | I2: 2026-08-24 | J2: =MAX(0,ROUND((H2-F2)*1440,0)) | K2: =IF(J2=0,1,0) | L2: =IFERROR(ROUND(E2/VLOOKUP(C2,主数据!$A:$D,4,0)*8,2),0) | M2: =IF(J2=0,0,ROUND(J2/1440,1))
A3: L1 | B3: O-002 | C3: toast_wheat | D3: 全麦吐司 | E3: 8000 | F3: 46259.5 | G3: 46258.547 | H3: 46259.391 | I3: 2026-08-25 | J3: =MAX(0,ROUND((H3-F3)*1440,0)) | K3: =IF(J3=0,1,0) | L3: =IFERROR(ROUND(E3/VLOOKUP(C3,主数据!$A:$D,4,0)*8,2),0) | M3: =IF(J3=0,0,ROUND(J3/1440,1))
A4: L1 | B4: O-006 | C4: toast_plain | D4: 原味吐司 | E4: 14000 | F4: 46261.5 | G4: 46260.333 | H4: 46260.609 | I4: 2026-08-26 | J4: =MAX(0,ROUND((H4-F4)*1440,0)) | K4: =IF(J4=0,1,0) | L4: =IFERROR(ROUND(E4/VLOOKUP(C4,主数据!$A:$D,4,0)*8,2),0) | M4: =IF(J4=0,0,ROUND(J4/1440,1))
A5: L1 | B5: O-009 | C5: bun | D5: 黄油餐包 | E5: 10000 | F5: 46262.5 | G5: 46261.333 | H5: 46261.622 | I5: 2026-08-27 | J5: =MAX(0,ROUND((H5-F5)*1440,0)) | K5: =IF(J5=0,1,0) | L5: =IFERROR(ROUND(E5/VLOOKUP(C5,主数据!$A:$D,4,0)*8,2),0) | M5: =IF(J5=0,0,ROUND(J5/1440,1))
A6: L1 | B6: O-010 | C6: toast_wheat | D6: 全麦吐司 | E6: 12000 | F6: 46262.667 | G6: 46262.333 | H6: 46262.594 | I6: 2026-08-28 | J6: =MAX(0,ROUND((H6-F6)*1440,0)) | K6: =IF(J6=0,1,0) | L6: =IFERROR(ROUND(E6/VLOOKUP(C6,主数据!$A:$D,4,0)*8,2),0) | M6: =IF(J6=0,0,ROUND(J6/1440,1))
A7: L2 | B7: O-003 | C7: cake_chiffon | D7: 戚风蛋糕 | E7: 4000 | F7: 46259.667 | G7: 46259.333 | H7: 46259.523 | I7: 2026-08-25 | J7: =MAX(0,ROUND((H7-F7)*1440,0)) | K7: =IF(J7=0,1,0) | L7: =IFERROR(ROUND(E7/VLOOKUP(C7,主数据!$A:$D,4,0)*8,2),0) | M7: =IF(J7=0,0,ROUND(J7/1440,1))
A8: L2 | B8: O-004 | C8: cake_sponge | D8: 海绵蛋糕 | E8: 5000 | F8: 46260.5 | G8: 46259.547 | H8: 46260.436 | I8: 2026-08-26 | J8: =MAX(0,ROUND((H8-F8)*1440,0)) | K8: =IF(J8=0,1,0) | L8: =IFERROR(ROUND(E8/VLOOKUP(C8,主数据!$A:$D,4,0)*8,2),0) | M8: =IF(J8=0,0,ROUND(J8/1440,1))
A9: L2 | B9: O-008 | C9: cake_chiffon | D9: 戚风蛋糕 | E9: 6000 | F9: 46261.667 | G9: 46261.333 | H9: 46261.61 | I9: 2026-08-27 | J9: =MAX(0,ROUND((H9-F9)*1440,0)) | K9: =IF(J9=0,1,0) | L9: =IFERROR(ROUND(E9/VLOOKUP(C9,主数据!$A:$D,4,0)*8,2),0) | M9: =IF(J9=0,0,ROUND(J9/1440,1))
A10: L2 | B10: O-012 | C10: cake_sponge | D10: 海绵蛋糕 | E10: 4000 | F10: 46262.667 | G10: 46262.333 | H10: 46262.514 | I10: 2026-08-28 | J10: =MAX(0,ROUND((H10-F10)*1440,0)) | K10: =IF(J10=0,1,0) | L10: =IFERROR(ROUND(E10/VLOOKUP(C10,主数据!$A:$D,4,0)*8,2),0) | M10: =IF(J10=0,0,ROUND(J10/1440,1))
A11: L3 | B11: O-013 | C11: baguette | D11: 法棍 | E11: 8000 | F11: 46259.583 | G11: 46258.333 | H11: 46258.622 | I11: 2026-08-24 | J11: =MAX(0,ROUND((H11-F11)*1440,0)) | K11: =IF(J11=0,1,0) | L11: =IFERROR(ROUND(E11/VLOOKUP(C11,主数据!$A:$D,4,0)*8,2),0) | M11: =IF(J11=0,0,ROUND(J11/1440,1))
A12: L3 | B12: O-014 | C12: bun | D12: 黄油餐包 | E12: 5000 | F12: 46260.417 | G12: 46259.333 | H12: 46259.467 | I12: 2026-08-25 | J12: =MAX(0,ROUND((H12-F12)*1440,0)) | K12: =IF(J12=0,1,0) | L12: =IFERROR(ROUND(E12/VLOOKUP(C12,主数据!$A:$D,4,0)*8,2),0) | M12: =IF(J12=0,0,ROUND(J12/1440,1))
A13: L3 | B13: O-005 | C13: croissant | D13: 牛角包 | E13: 9000 | F13: 46260.75 | G13: 46260.333 | H13: 46260.594 | I13: 2026-08-26 | J13: =MAX(0,ROUND((H13-F13)*1440,0)) | K13: =IF(J13=0,1,0) | L13: =IFERROR(ROUND(E13/VLOOKUP(C13,主数据!$A:$D,4,0)*8,2),0) | M13: =IF(J13=0,0,ROUND(J13/1440,1))
... A15: L3 | B15: O-011 | C15: croissant | D15: 牛角包 | E15: 6000 | F15: 46262.5 | G15: 46261.569 | H15: 46262.413 | I15: 2026-08-28 | J15: =MAX(0,ROUND((H15-F15)*1440,0)) | K15: =IF(J15=0,1,0) | L15: =IFERROR(ROUND(E15/VLOOKUP(C15,主数据!$A:$D,4,0)*8,2),0) | M15: =IF(J15=0,0,ROUND(J15/1440,1))

Sheet 主数据
A1: 产品ID | B1: 产品名称 | C1: 单位 | D1: 8h产能
A2: baguette | B2: 法棍 | D2: 8800
A3: bun | B3: 黄油餐包 | D3: 12800
A4: cake_chiffon | B4: 戚风蛋糕 | D4: 7200
A5: cake_sponge | B5: 海绵蛋糕 | D5: 7600
A6: croissant | B6: 牛角包 | D6: 11200
A7: toast_plain | B7: 原味吐司 | D7: 16000
A8: toast_wheat | B8: 全麦吐司 | D8: 14400

Sheet 汇总
A1: APS Engine 排产示例（5-Sheet 公式联动·可核查）（公式联动，打开自动重算）
A2: 生成 2026-08-28 10:35 | 引擎 cp | 订单 14
A3: 指标 | B3: 公式 | C3: 口径
A4: 总订单数 | B4: =COUNTA(排产明细!$B$2:$B15) | C4: 勾稽明细公式
A5: 准时数 | B5: =COUNTIF(排产明细!$K$2:$K15,1) | C5: 勾稽明细公式
A6: 延期数 | B6: =B4-B5 | C6: 勾稽明细公式
A7: 准时率 | B7: =IFERROR(B5/B4,0) | C7: 勾稽明细公式
A8: 总延期(分钟) | B8: =SUM(排产明细!$J$2:$J15) | C8: 勾稽明细公式
A9: 最大延期(分钟) | B9: =MAX(排产明细!$J$2:$J15) | C9: 勾稽明细公式
A10: 总负荷(小时) | B10: =SUM(排产明细!$L$2:$L15) | C10: 勾稽明细公式
A12: 产线 | B12: 任务数 | C12: 总延期(分) | D12: 准时数 | E12: 准时率
A13: L1 | B13: =COUNTIF(排产明细!$A$2:$A15,$A13) | C13: =SUMIF(排产明细!$A$2:$A15,$A13,排产明细!$J$2:$J15) | D13: =COUNTIFS(排产明细!$A$2:$A15,$A13,排产明细!$K$2:$K15,1) | E13: =IFERROR(D13/B13,0)
A14: L2 | B14: =COUNTIF(排产明细!$A$2:$A15,$A14) | C14: =SUMIF(排产明细!$A$2:$A15,$A14,排产明细!$J$2:$J15) | D14: =COUNTIFS(排产明细!$A$2:$A15,$A14,排产明细!$K$2:$K15,1) | E14: =IFERROR(D14/B14,0)
A15: L3 | B15: =COUNTIF(排产明细!$A$2:$A15,$A15) | C15: =SUMIF(排产明细!$A$2:$A15,$A15,排产明细!$J$2:$J15) | D15: =COUNTIFS(排产明细!$A$2:$A15,$A15,排产明细!$K$2:$K15,1) | E15: =IFERROR(D15/B15,0)

Sheet 甘特图
A1: 产线 × 日期 负荷矩阵（SUMIFS 引用明细；红>8h 黄4-8h 绿<4h）
A3: 产线 / 日期 | B3: 2026-08-24 | C3: 2026-08-25 | D3: 2026-08-26 | E3: 2026-08-27 | F3: 2026-08-28 | G3: 合计
A4: L1 | B4: =SUMIFS(排产明细!$L$2:$L15,排产明细!$A$2:$A15,$A4,排产明细!$I$2:$I15,B3) | C4: =SUMIFS(排产明细!$L$2:$L15,排产明细!$A$2:$A15,$A4,排产明细!$I$2:$I15,C3) | D4: =SUMIFS(排产明细!$L$2:$L15,排产明细!$A$2:$A15,$A4,排产明细!$I$2:$I15,D3) | E4: =SUMIFS(排产明细!$L$2:$L15,排产明细!$A$2:$A15,$A4,排产明细!$I$2:$I15,E3) | F4: =SUMIFS(排产明细!$L$2:$L15,排产明细!$A$2:$A15,$A4,排产明细!$I$2:$I15,F3) | G4: =SUM(B4:F4)
A5: L2 | B5: =SUMIFS(排产明细!$L$2:$L15,排产明细!$A$2:$A15,$A5,排产明细!$I$2:$I15,B3) | C5: =SUMIFS(排产明细!$L$2:$L15,排产明细!$A$2:$A15,$A5,排产明细!$I$2:$I15,C3) | D5: =SUMIFS(排产明细!$L$2:$L15,排产明细!$A$2:$A15,$A5,排产明细!$I$2:$I15,D3) | E5: =SUMIFS(排产明细!$L$2:$L15,排产明细!$A$2:$A15,$A5,排产明细!$I$2:$I15,E3) | F5: =SUMIFS(排产明细!$L$2:$L15,排产明细!$A$2:$A15,$A5,排产明细!$I$2:$I15,F3) | G5: =SUM(B5:F5)
A6: L3 | B6: =SUMIFS(排产明细!$L$2:$L15,排产明细!$A$2:$A15,$A6,排产明细!$I$2:$I15,B3) | C6: =SUMIFS(排产明细!$L$2:$L15,排产明细!$A$2:$A15,$A6,排产明细!$I$2:$I15,C3) | D6: =SUMIFS(排产明细!$L$2:$L15,排产明细!$A$2:$A15,$A6,排产明细!$I$2:$I15,D3) | E6: =SUMIFS(排产明细!$L$2:$L15,排产明细!$A$2:$A15,$A6,排产明细!$I$2:$I15,E3) | F6: =SUMIFS(排产明细!$L$2:$L15,排产明细!$A$2:$A15,$A6,排产明细!$I$2:$I15,F3) | G6: =SUM(B6:F6)

Sheet 假设与口径
A1: 排产假设与口径（结论可靠性 = 假设可核查）
A4: 假设ID | B4: 项目 | C4: 取值 | D4: 来源 | E4: 校准状态
A5: H1 | B5: 产线 | C5: L1吐司/L2蛋糕/L3面包 | D5: APS 标准数据集 | E5: 已校准
A6: H2 | B6: 产能 | C6: speed_per_hour×8 | D6: 数据集 | E6: 已校准
A7: H3 | B7: 班次 | C7: 单班 8h，周末休 | D7: 数据集 | E7: 已校准
